Name,Price
Диван Льери Мини Velvet Light,56990
Диван Нумо Velvet Yellow,35990
Диван Тут Рядом Дом Серо-графитовый,69990
Диван угловой Ройн Мини Velvet Olive,39990
Диван угловой Эби-1 Velvet Coral,69990
Диван Бруквиль Velvet Blue,46990
Диван Тут Рядом Космос Светло-Бежевый,109990
Диван Тилар Cozy White,40990
Диван Линс Velvet Navy Blue,26990
Диван Нумо Мини Textile Yellow,22990
Диван Байма Velvet Grey,66990
Диван угловой Беллер Textile Yellow,36990
Диван Нумо Velvet Grafit,35990
Диван Роттердам Velvet Yellow,23990
Диван Сваут Velvet Grey,62990
Диван Линс Velvet Grafit,26990
Диван Рейли Velvet Coral,29990
Диван угловой Дарол Happy Grey,59990
Диван Коренс Happy Grey,28990
Диван угловой Шера Velvet Light,99990
Диван Види Textile Ocean,22990
Диван угловой Нумо Velvet Yellow,44990
Диван Тут Рядом Дом Сине-бежевый,69990
Диван Сваут Velvet Mustard,62990
Модульный диван Сэндж 2 Textile Yellow,55970
Диван Нумо Мини Textile Light,22990
Диван Рейли Velvet Mint,29990
Диван Бонс-Т Happy Yellow,39990
Диван Риббл-2 Bucle Lilac,62990
Диван угловой Маркфул Velvet Ocean,76990
Диван угловой Нумо Velvet Grey,44990
Диван Лонди Mima Pink,82990
Диван угловой Аронт Мини Velvet Light,49990
Диван угловой Шера Velvet Olive,99990
Диван Тут Рядом Дом Розовый,69990
Диван угловой Шера Velvet Terra,99990
Диван Самми Velvet Grey,26990
Диван угловой Аронт Мини Velvet Smoke,49990
Диван Тут Рядом Космос Серый,109990
Модульный диван Риббл-3 Bucle Forest,141970
Диван угловой Шера Velvet Blue,99990
Диван Арклоу Cozy Ivory,44990
Модульный диван Brera-3 Velour Night,104970
Диван Ларонсо Textile Night,84990
Диван Тут Рядом Космос Графитовый,109990
Диван Рон Textile Beige,46990
Диван угловой Биани-2 Barhat Olive,94990
Диван Марей Soft Olive,89990
